model,MAE,RMSE
LightGBM,53886.21435349708,68321.82254708179
