model,MAE,RMSE
Random Forest,60610.44300614455,80410.82967665685
